http://www.yunspace.com/2014/10/22/dropwizard-microservice-spike-pt1/, http://www.yunspace.com/blog/dropwizard-microservice-spike-pt1/
http://www.yunspace.com/2014/02/12/dropwizard-gradle-shadowjar/, http://www.yunspace.com/blog/dropwizard-gradle-shadowjar/
http://www.yunspace.com/2014/02/16/dropwizard-hibernate-onetomany/, http://www.yunspace.com/blog/dropwizard-hibernate-onetomany/
http://www.yunspace.com/2014/04/23/ninja-scroll-the-series/, http://www.yunspace.com/blog/ninja-scroll-the-series/
http://www.yunspace.com/2014/10/30/dropwizard-microservice-spike-pt2-results/, http://www.yunspace.com/blog/dropwizard-microservice-spike-pt2-results/
http://www.yunspace.com/2014/02/24/dropwizard-mongodb-googlecloud/, http://www.yunspace.com/blog/dropwizard-mongodb-googlecloud/
http://www.yunspace.com/2014/01/09/dropwizard-xml-provider/, http://www.yunspace.com/blog/dropwizard-xml-bundle/
http://www.yunspace.com/2013/12/29/jekyll-and-hyde/, http://www.yunspace.com/blog/jekyll-and-hyde/
http://www.yunspace.com/2015/01/10/one-game-a-month/, http://www.yunspace.com/blog/one-game-a-month/
http://www.yunspace.com/2015/01/19/integrating-visualstudio-with-unity3d-on-mac-using-vstools/, http://www.yunspace.com/blog/integrating-visualstudio-with-unity3d-on-mac-using-vstools/
http://www.yunspace.com/2015/01/29/dropwizard-jersey2-newrelic-integration/, http://www.yunspace.com/blog/dropwizard-jersey2-newrelic-integration/
